FCLTY_NM,facility_type,CTPRVN_NM_STD,SIGNGU_NM,REGION_GROUP_STD,VIEWNG_NMPR_CO,pred_viewers,error_viewers,abs_error_viewers,prediction_performance_group,viewer_count_band,activation_level,FCLTY_LO,FCLTY_LA
백제군사박물관,박물관,충남,논산시,충청권,2917684.0,61580.684247325065,2856103.315752673,2856103.315752673,예상보다 높음,50만 이상,높음,127.181588,36.19238766
서대문형무소역사관,박물관,서울,서대문구,수도권,650000.0,83624.26870197996,566375.7312980195,566375.7312980195,예상보다 높음,50만 이상,높음,126.9556118,37.57460851
리움미술관,미술관,서울,용산구,수도권,391414.0,50447.41931331231,340966.5806866879,340966.5806866879,예상보다 높음,10만~50만,높음,126.9992941,37.53846127
경기도어린이박물관,박물관,경기,용인시 기흥구,수도권,373719.0,77033.71838832831,296685.2816116715,296685.2816116715,예상보다 높음,10만~50만,높음,127.1086528,37.26818786
국립태권도박물관,박물관,전북특별자치도,무주군,전라권,316077.0,45732.74715633295,270344.25284366705,270344.25284366705,예상보다 높음,10만~50만,높음,127.778727,36.0092789
대구문화예술회관 미술관,미술관,대구,달서구,경상권,250636.0,21970.70094559663,228665.29905440335,228665.29905440335,예상보다 높음,10만~50만,높음,128.5580764,35.84473836
목포근대역사관2관,박물관,전남,목포시,전라권,226015.0,5885.184063488185,220129.81593651144,220129.81593651144,예상보다 높음,10만~50만,높음,126.3814912,34.78596374
고성수석전시관,박물관,경남,고성군,경상권,238438.0,18478.81637844633,219959.18362155356,219959.18362155356,예상보다 높음,10만~50만,높음,128.3727248,35.07070703
국립익산박물관,박물관,전북특별자치도,익산시,전라권,394550.0,182575.60503146143,211974.39496853884,211974.39496853884,예상보다 높음,10만~50만,높음,127.0287146,36.01155613
국립등대박물관,박물관,경북,포항시 남구,경상권,238491.0,28261.45632924827,210229.5436707519,210229.5436707519,예상보다 높음,10만~50만,높음,129.5682565,36.07783791
국립수목원 산림박물관,박물관,경기,포천시,수도권,241432.0,44512.70433529187,196919.295664708,196919.295664708,예상보다 높음,10만~50만,높음,127.1689953,37.75952331
독도체험관,박물관,서울,영등포구,수도권,228112.0,33981.952042854355,194130.04795714503,194130.04795714503,예상보다 높음,10만~50만,높음,126.903716,37.51723326
옥진각,박물관,경북,안동시,경상권,204367.0,19073.260359427204,185293.7396405733,185293.7396405733,예상보다 높음,10만~50만,높음,128.8403536,36.72789366
한성백제박물관,박물관,서울,송파구,수도권,511919.0,332267.1687877911,179651.8312122089,179651.8312122089,예상보다 높음,50만 이상,높음,127.1208007,37.51542872
서울공예박물관,박물관,서울,종로구,수도권,532717.0,355472.3710981326,177244.6289018673,177244.6289018673,예상보다 높음,50만 이상,높음,126.9832613,37.57661119
강원특별자치도 디엠제트박물관,박물관,강원특별자치도,고성군,강원권,254489.0,90365.48026125184,164123.51973874832,164123.51973874832,예상보다 높음,10만~50만,높음,128.382599,38.57630459
포항시립미술관,미술관,경북,포항시,경상권,171905.0,18153.767606232523,153751.23239376745,153751.23239376745,예상보다 높음,10만~50만,높음,129.3912263,36.06627234
백제왕궁박물관,박물관,전북특별자치도,익산시,전라권,190503.0,41347.71476344768,149155.28523655242,149155.28523655242,예상보다 높음,10만~50만,높음,127.055809,35.97156149
짜장면박물관,박물관,인천,중구,수도권,161880.0,12884.087475768136,148995.9125242317,148995.9125242317,예상보다 높음,10만~50만,높음,126.61819,37.47485369
애니메이션박물관,박물관,강원특별자치도,춘천시,강원권,177458.0,31445.357175203408,146012.6428247967,146012.6428247967,예상보다 높음,10만~50만,높음,127.6918926,37.89306106
소수박물관,박물관,경북,영주시,경상권,184388.0,48316.6686255398,136071.3313744602,136071.3313744602,예상보다 높음,10만~50만,높음,128.582312,36.92592352
의림지 역사박물관,박물관,충북,제천시,충청권,166579.0,34281.12851730275,132297.87148269732,132297.87148269732,예상보다 높음,10만~50만,높음,128.2095156,37.17612981
제천유물전시관,박물관,충북,제천시,충청권,135757.0,10583.846958200143,125173.15304179996,125173.15304179996,예상보다 높음,10만~50만,높음,128.1733828,37.00404832
롯데월드 민속박물관,박물관,서울,송파구,수도권,249217.0,130467.74458694784,118749.25541305206,118749.25541305206,예상보다 높음,10만~50만,높음,127.0981418,37.51130961
옥토끼우주센터,박물관,인천,강화군,수도권,144238.0,31949.348177640517,112288.65182235948,112288.65182235948,예상보다 높음,10만~50만,높음,126.4873082,37.67414288
홍길동 전시관,박물관,전남,장성군,전라권,126808.0,19050.91794757749,107757.0820524224,107757.0820524224,예상보다 높음,10만~50만,높음,126.7265578,35.31862071
불교천태중앙박물관,박물관,충북,단양군,충청권,100605.0,6586.685639725645,94018.31436027438,94018.31436027438,예상보다 높음,10만~50만,높음,128.4851691,37.04356419
고창고인돌박물관,박물관,전북특별자치도,고창군,전라권,135454.0,51413.76420060767,84040.23579939237,84040.23579939237,예상보다 높음,10만~50만,높음,126.6524914,35.44170812
김대중노벨평화상기념관,박물관,전남,목포시,전라권,114905.0,33776.17783578614,81128.8221642141,81128.8221642141,예상보다 높음,10만~50만,높음,126.3922506,34.78285177
서울서예박물관,미술관,서울,서초구,수도권,88482.0,10794.423270970934,77687.57672902907,77687.57672902907,예상보다 높음,5만~10만,높음,127.0142152,37.4802402
백범김구기념관,박물관,서울,용산구,수도권,121508.0,44097.33950858868,77410.66049141122,77410.66049141122,예상보다 높음,10만~50만,높음,126.959253,37.54427794
석장리박물관,박물관,충남,공주시,충청권,159432.0,82810.12685126957,76621.87314873072,76621.87314873072,예상보다 높음,10만~50만,높음,127.1882223,36.44752659
한국천연염색박물관,박물관,전남,나주시,전라권,113962.0,37982.6107741008,75979.38922589915,75979.38922589915,예상보다 높음,10만~50만,높음,126.6625254,34.99403168
강화역사박물관,박물관,인천,강화군,수도권,113910.0,37998.5392045414,75911.46079545861,75911.46079545861,예상보다 높음,10만~50만,높음,126.4353383,37.77371034
솔향공원 소나무전시관,박물관,충북,보은군,충청권,82450.0,6954.457448173913,75495.5425518261,75495.5425518261,예상보다 높음,5만~10만,높음,127.8027076,36.49920811
어진박물관,박물관,전북특별자치도,전주시 완산구,전라권,81132.0,7063.288723638699,74068.71127636127,74068.71127636127,예상보다 높음,5만~10만,높음,127.1501202,35.81551891
불국사박물관,박물관,경북,경주시,경상권,73000.0,6576.433181898491,66423.56681810154,66423.56681810154,예상보다 높음,5만~10만,높음,129.3317254,35.79230232
옛터민속박물관,박물관,대전,동구,충청권,80000.0,17449.085359087843,62550.91464091216,62550.91464091216,예상보다 높음,5만~10만,높음,127.4408436,36.2150908
국립산악박물관,박물관,강원특별자치도,속초시,강원권,93541.0,31815.76316658362,61725.23683341638,61725.23683341638,예상보다 높음,5만~10만,높음,128.5404709,38.20277848
에디슨과학박물관,박물관,강원특별자치도,강릉시,강원권,58732.0,8272.733231321528,50459.26676867851,50459.26676867851,예상보다 높음,5만~10만,높음,128.8971023,37.79734379
메이즈뮤지움,박물관,제주특별자치도,제주시,제주권,100000.0,52278.240947669045,47721.759052331,47721.759052331,예상보다 높음,5만~10만,높음,126.801223,33.48914716
교동미술관,미술관,전북특별자치도,전주시,전라권,53086.0,5536.054130618585,47549.94586938144,47549.94586938144,예상보다 높음,5만~10만,높음,127.151135,35.81548727
성곡미술관,미술관,서울,종로구,수도권,56195.0,12214.901991564995,43980.09800843487,43980.09800843487,예상보다 높음,5만~10만,높음,126.9697036,37.57351051
농협 농업박물관,박물관,서울,중구,수도권,58312.0,14958.04631854352,43353.953681456405,43353.953681456405,예상보다 높음,5만~10만,높음,126.9685556,37.56649912
대구향토역사관,박물관,대구,중구,경상권,50559.0,11852.600739812076,38706.39926018796,38706.39926018796,예상보다 높음,5만~10만,높음,128.5759183,35.87339859
부천로보파크 전시관,박물관,경기,부천시 원미구,수도권,52947.0,14716.185418241186,38230.81458175884,38230.81458175884,예상보다 높음,5만~10만,높음,126.7640511,37.51761005
둘리뮤지엄,박물관,서울,도봉구,수도권,74520.0,36502.58701724076,38017.412982759066,38017.412982759066,예상보다 높음,5만~10만,높음,127.0276385,37.65242986
양평친환경농업박물관,박물관,경기,양평군,수도권,66928.0,29470.820155082747,37457.17984491725,37457.17984491725,예상보다 높음,5만~10만,높음,127.5812248,37.54760517
박인환문학관,박물관,강원특별자치도,인제군,강원권,45432.0,11711.25882530734,33720.74117469269,33720.74117469269,예상보다 높음,1만~5만,높음,128.171738,38.06280343
화엄사성보박물관,박물관,전남,구례군,전라권,39770.0,9564.462332544532,30205.537667455475,30205.537667455475,예상보다 높음,1만~5만,보통,127.4977197,35.25731602
김해문화의전당 윤슬미술관,미술관,경남,김해시,경상권,43662.0,14366.001333092774,29295.9986669072,29295.9986669072,예상보다 높음,1만~5만,높음,128.8694108,35.24373381
대한민국술테마박물관,박물관,전북특별자치도,완주군,전라권,44905.0,16626.03543412502,28278.964565875074,28278.964565875074,예상보다 높음,1만~5만,높음,127.1358278,35.72594128
제주추사관,미술관,제주특별자치도,서귀포시,제주권,47946.0,22286.284402759,25659.71559724104,25659.71559724104,예상보다 높음,1만~5만,높음,126.278494,33.24979614
성남큐브미술관,미술관,경기,성남시,수도권,42016.0,18447.90579591451,23568.09420408541,23568.09420408541,예상보다 높음,1만~5만,높음,127.1305599,37.40295657
도산안창호기념관,박물관,서울,강남구,수도권,44040.0,20505.50053725271,23534.49946274728,23534.49946274728,예상보다 높음,1만~5만,높음,127.0356032,37.52395086
문경도자기박물관,박물관,경북,문경시,경상권,47805.0,24812.71393622996,22992.28606377004,22992.28606377004,예상보다 높음,1만~5만,높음,128.0845639,36.74062871
안산어촌민속박물관,박물관,경기,안산시 단원구,수도권,38611.0,16463.708749484947,22147.291250514965,22147.291250514965,예상보다 높음,1만~5만,보통,126.6461205,37.19250726
허준박물관,박물관,서울,강서구,수도권,45385.0,23824.25644449386,21560.74355550614,21560.74355550614,예상 범위,1만~5만,높음,126.8510312,37.56787245
양평곤충박물관,박물관,경기,양평군,수도권,52460.0,31118.50461803947,21341.4953819605,21341.4953819605,예상 범위,5만~10만,높음,127.4491859,37.50920175
영월동굴생태관,박물관,강원특별자치도,영월군,강원권,25343.0,5827.427331913711,19515.572668086283,19515.572668086283,예상 범위,1만~5만,보통,128.5367436,37.13035339
천안시립미술관,미술관,충남,천안시,충청권,28383.0,8900.883176695703,19482.1168233043,19482.1168233043,예상 범위,1만~5만,보통,127.2248886,36.75613028
이한열기념관,박물관,서울,마포구,수도권,21495.0,2516.4474072932967,18978.552592706717,18978.552592706717,예상 범위,1만~5만,보통,126.9338654,37.55504357
충재박물관,박물관,경북,봉화군,경상권,28369.0,9919.509988553178,18449.49001144678,18449.49001144678,예상 범위,1만~5만,보통,128.7425676,36.90548864
마한박물관,박물관,전북특별자치도,익산시,전라권,34929.0,16517.276634594633,18411.72336540538,18411.72336540538,예상 범위,1만~5만,보통,127.0570705,36.00153266
한국이민사박물관,박물관,인천,중구,수도권,60488.0,42585.31500009053,17902.684999909427,17902.684999909427,예상 범위,5만~10만,높음,126.6002711,37.47014308
애보박물관,박물관,인천,남동구,수도권,32345.0,14612.507893382264,17732.492106617763,17732.492106617763,예상 범위,1만~5만,보통,126.7670819,37.45046296
성북구립미술관,미술관,서울,성북구,수도권,24020.0,6485.003222607977,17534.99677739205,17534.99677739205,예상 범위,1만~5만,보통,126.9948871,37.5948372
계명대학교 행소박물관,박물관,대구,달서구,경상권,23578.0,8500.581831214506,15077.418168785509,15077.418168785509,예상 범위,1만~5만,보통,128.484579,35.8559056
옥천향토전시관,박물관,충북,옥천군,충청권,27006.0,12107.169995598237,14898.830004401778,14898.830004401778,예상 범위,1만~5만,보통,127.6350074,36.37753534
귀족호도박물관,박물관,전남,장흥군,전라권,30000.0,15186.945439334364,14813.054560665623,14813.054560665623,예상 범위,1만~5만,보통,126.9191009,34.67501722
진천군립 생거판화미술관,미술관,충북,진천군,충청권,23058.0,9322.638263800896,13735.361736199126,13735.361736199126,예상 범위,1만~5만,보통,127.4148854,36.87095956
프라움악기박물관,박물관,경기,남양주시,수도권,21000.0,7294.658420002766,13705.341579997215,13705.341579997215,예상 범위,1만~5만,보통,127.2270492,37.56850845
월정사성보박물관,박물관,강원특별자치도,평창군,강원권,29211.0,15758.029995976169,13452.970004023848,13452.970004023848,예상 범위,1만~5만,보통,128.6029483,37.71883129
울주민속박물관,박물관,울산,울주군,경상권,33655.0,21012.362434339397,12642.637565660563,12642.637565660563,예상 범위,1만~5만,보통,129.2809508,35.43641573
경성대학교미술관,미술관,부산,남구,경상권,14960.0,2812.3664125795035,12147.633587420496,12147.633587420496,예상 범위,1만~5만,보통,129.1001031,35.13848731
이화여자대학교박물관,박물관,서울,서대문구,수도권,18344.0,6290.307103389276,12053.692896610715,12053.692896610715,예상 범위,1만~5만,보통,126.9502888,37.56446452
숭실대학교 한국기독교박물관,박물관,서울,동작구,수도권,18083.0,6775.260846555254,11307.73915344476,11307.73915344476,예상 범위,1만~5만,보통,126.9551579,37.49642897
세계미니어처 전시관,박물관,제주특별자치도,제주시,제주권,60000.0,48718.93570124274,11281.06429875717,11281.06429875717,예상 범위,5만~10만,높음,126.6749133,33.4342519
금산인삼관,박물관,충남,금산군,충청권,20567.0,9840.262606461156,10726.73739353886,10726.73739353886,예상 범위,1만~5만,보통,127.5007303,36.10001508
이안미술관,미술관,전남,영암군,전라권,21666.0,11274.571449065988,10391.42855093405,10391.42855093405,예상 범위,1만~5만,보통,126.488674,34.73960699
진천종박물관,박물관,충북,진천군,충청권,30693.0,20637.91092296109,10055.089077038889,10055.089077038889,예상 범위,1만~5만,보통,127.4131749,36.87002892
경희대학교 자연사박물관,박물관,서울,동대문구,수도권,15000.0,5311.371069502885,9688.628930497109,9688.628930497109,예상 범위,1만~5만,보통,127.054891,37.59394914
나야나 교육 박물관,박물관,전남,담양군,전라권,16854.0,7444.175458799016,9409.824541200958,9409.824541200958,예상 범위,1만~5만,보통,126.9837262,35.32534062
오산리선사유적박물관,박물관,강원특별자치도,양양군,강원권,49732.0,41087.618001319366,8644.381998680648,8644.381998680648,예상 범위,1만~5만,높음,128.6604696,38.08586012
혜곡최순우기념관,박물관,서울,성북구,수도권,12831.0,4353.4523689346,8477.547631065408,8477.547631065408,예상 범위,1만~5만,보통,127.0003499,37.59297685
바우지움조각미술관,미술관,강원특별자치도,고성군,강원권,20000.0,11937.512446558818,8062.487553441197,8062.487553441197,예상 범위,1만~5만,보통,128.5151879,38.2123919
국립대한민국임시정부기념관,박물관,서울,서대문구,수도권,164627.0,156920.64684379267,7706.353156207479,7706.353156207479,예상 범위,10만~50만,높음,126.9544173,37.57599973
이화여자대학교 자연사박물관,박물관,서울,서대문구,수도권,11293.0,4809.390190536133,6483.609809463893,6483.609809463893,예상 범위,1만~5만,보통,126.9502888,37.56446452
김포다도박물관,박물관,경기,김포시,수도권,22884.0,16554.76881452857,6329.23118547145,6329.23118547145,예상 범위,1만~5만,보통,126.5744359,37.73752595
용산역사박물관,박물관,서울,용산구,수도권,62929.0,57306.21494447519,5622.785055524757,5622.785055524757,예상 범위,5만~10만,높음,126.9657694,37.52566804
예천박물관,박물관,경북,예천군,경상권,22936.0,17733.590565276892,5202.409434723104,5202.409434723104,예상 범위,1만~5만,보통,128.5142311,36.7001577
(재)중남미문화원병설박물관,박물관,경기,고양시 덕양구,수도권,23348.0,18149.651355493697,5198.348644506306,5198.348644506306,예상 범위,1만~5만,보통,126.8953651,37.70359326
목인박물관 목석원,박물관,서울,종로구,수도권,13962.0,8799.480399240349,5162.519600759642,5162.519600759642,예상 범위,1만~5만,보통,126.9629694,37.58853365
경북대학교미술관,미술관,대구,북구,경상권,9646.0,4946.065259396316,4699.934740603677,4699.934740603677,예상 범위,1만 이하,보통,128.6143223,35.88909749
가천박물관,박물관,인천,연수구,수도권,14050.0,9493.775760510303,4556.224239489693,4556.224239489693,예상 범위,1만~5만,보통,126.6576026,37.41847997
범어사 성보박물관(성보관),박물관,부산,금정구,경상권,12363.0,8330.655320784206,4032.344679215816,4032.344679215816,예상 범위,1만~5만,보통,129.0744008,35.27840746
여초서예관,박물관,강원특별자치도,인제군,강원권,21592.0,17571.90935769981,4020.0906423002016,4020.0906423002016,예상 범위,1만~5만,보통,128.3197879,38.18891551
디오티미술관,미술관,부산,금정구,경상권,9500.0,5494.5576579419085,4005.442342058097,4005.442342058097,예상 범위,1만 이하,보통,129.0767727,35.22888083
규남박물관,박물관,전남,화순군,전라권,5000.0,1508.1016097831882,3491.8983902168147,3491.8983902168147,예상 범위,1만 이하,낮음,127.0799648,35.1100729
동국대학교박물관,박물관,서울,중구,수도권,4254.0,1811.4141429205852,2442.585857079416,2442.585857079416,예상 범위,1만 이하,낮음,126.9987376,37.55893664
남해유배문학관,박물관,경남,남해군,경상권,42629.0,40574.12643745304,2054.8735625469417,2054.8735625469417,예상 범위,1만~5만,높음,127.8991855,34.83196011
책과인쇄박물관,박물관,강원특별자치도,춘천시,강원권,12000.0,10051.737421077189,1948.262578922789,1948.262578922789,예상 범위,1만~5만,보통,127.7248598,37.81942081
녹청자박물관,박물관,인천,서구,수도권,40526.0,39081.74624194496,1444.2537580550706,1444.2537580550706,예상 범위,1만~5만,보통,126.6562692,37.55820186
충현박물관,박물관,경기,광명시,수도권,4772.0,3395.8003485442114,1376.1996514557895,1376.1996514557895,예상 범위,1만 이하,낮음,126.8777258,37.4339273
계명대학교 극재미술관,미술관,대구,남구,경상권,13140.0,12249.415508629849,890.5844913701821,890.5844913701821,예상 범위,1만~5만,보통,128.5793157,35.85552317
국제성서박물관,박물관,인천,미추홀구,수도권,8000.0,7147.8033763944,852.196623605605,852.196623605605,예상 범위,1만 이하,낮음,126.679119,37.45945311
청주대학교박물관,박물관,충북,청주시 청원구,충청권,1000.0,644.7748876219083,355.2251123780916,355.2251123780916,예상 범위,1만 이하,낮음,127.4951991,36.6508565
성신여자대학교박물관,박물관,서울,성북구,수도권,4223.0,4039.096376975372,183.9036230246288,183.9036230246288,예상 범위,1만 이하,낮음,127.0221456,37.59165248
한남대학교 중앙박물관,박물관,대전,대덕구,충청권,6000.0,5899.798941115501,100.20105888450324,100.20105888450324,예상 범위,1만 이하,낮음,127.4224685,36.35515113
맥아트미술관,미술관,경기,안산시,수도권,35000.0,34979.97630472526,20.023695274809143,20.023695274809143,예상 범위,1만~5만,보통,126.6024191,37.21975458
옥천사성보박물관,박물관,경남,고성군,경상권,2500.0,2741.449772414116,-241.4497724141156,241.4497724141156,예상 범위,1만 이하,낮음,128.2620792,35.0808491
대구보건대학교 보현박물관,박물관,경남,밀양시,경상권,1608.0,1898.051666292412,-290.0516662924126,290.0516662924126,예상 범위,1만 이하,낮음,128.9276763,35.48683532
수양개선사유물전시관,박물관,충북,단양군,충청권,12879.0,13232.524124395186,-353.5241243951896,353.5241243951896,예상 범위,1만~5만,보통,128.3324648,36.96046466
청우요도자기박물관,박물관,전남,강진군,전라권,560.0,1266.9295652982878,-706.929565298288,706.929565298288,예상 범위,1만 이하,낮음,126.8016868,34.50662631
한신대학교 박물관,박물관,경기,오산시,수도권,1350.0,2215.0600031950057,-865.0600031950055,865.0600031950055,예상 범위,1만 이하,낮음,127.027452,37.19259432
성암미술관,미술관,대전,유성구,충청권,203.0,1124.2759192028268,-921.2759192028268,921.2759192028268,예상 범위,1만 이하,낮음,127.3488413,36.35367969
스페이스몸미술관,미술관,충북,청주시,충청권,3683.0,4731.208796555077,-1048.20879655508,1048.20879655508,예상 범위,1만 이하,낮음,127.4328093,36.62677804
진주교육대학교박물관,박물관,경남,진주시,경상권,2201.0,3386.146426176148,-1185.1464261761485,1185.1464261761485,예상 범위,1만 이하,낮음,128.06793,35.18581082
농민문학기념관,박물관,충북,영동군,충청권,511.0,1704.0074188027447,-1193.0074188027447,1193.0074188027447,예상 범위,1만 이하,낮음,127.9298775,36.18884401
가톨릭관동대학교박물관,박물관,강원특별자치도,강릉시,강원권,1018.0,2220.4405583774133,-1202.440558377413,1202.440558377413,예상 범위,1만 이하,낮음,128.8736816,37.73732212
모산조형미술관,미술관,충남,보령시,충청권,24851.0,26101.40036150301,-1250.4003615030306,1250.4003615030306,예상 범위,1만~5만,보통,126.6577924,36.31118387
김영갑갤러리두모악미술관,미술관,제주특별자치도,서귀포시,제주권,17609.0,18892.11868072198,-1283.1186807219638,1283.1186807219638,예상 범위,1만~5만,보통,126.8542458,33.37236763
구하우스 미술관,미술관,경기,양평군,수도권,20241.0,21615.90687199063,-1374.9068719905845,1374.9068719905845,예상 범위,1만~5만,보통,127.3511444,37.60305157
나절로미술관,미술관,전남,진도군,전라권,331.0,1738.1139358844512,-1407.1139358844512,1407.1139358844512,예상 범위,1만 이하,낮음,126.2184684,34.38278134
동의대학교박물관,박물관,부산,부산진구,경상권,1197.0,2701.3940771272923,-1504.3940771272923,1504.3940771272923,예상 범위,1만 이하,낮음,129.0363099,35.14431845
한국압화박물관,박물관,전남,구례군,전라권,8900.0,10415.161739547251,-1515.1617395472497,1515.1617395472497,예상 범위,1만 이하,보통,127.4599378,35.19668431
W미술관,미술관,전북특별자치도,익산시,전라권,11707.0,13463.68588363274,-1756.6858836327538,1756.6858836327538,예상 범위,1만~5만,보통,126.9886707,35.95280868
태영민속박물관,박물관,충남,금산군,충청권,2350.0,4153.966775540888,-1803.966775540889,1803.966775540889,예상 범위,1만 이하,낮음,127.4368332,36.05144034
유민미술관,미술관,제주특별자치도,서귀포시,제주권,47564.0,49641.75183232778,-2077.75183232774,2077.75183232774,예상 범위,1만~5만,높음,126.9301741,33.43264796
안다미로귀때박물관,박물관,경북,칠곡군,경상권,400.0,2526.642748790131,-2126.642748790131,2126.642748790131,예상 범위,1만 이하,낮음,128.3842314,35.98393601
백영수미술관,미술관,경기,의정부시,수도권,1496.0,3766.290547933142,-2270.290547933141,2270.290547933141,예상 범위,1만 이하,낮음,127.0444061,37.71368025
킴스아트필드미술관,미술관,부산,금정구,경상권,1100.0,3446.9386867316293,-2346.93868673163,2346.93868673163,예상 범위,1만 이하,낮음,129.0542017,35.25241439
신안갯벌박물관,박물관,전남,신안군,전라권,944.0,3320.991550111463,-2376.9915501114624,2376.9915501114624,예상 범위,1만 이하,낮음,126.136446,34.96448778
덕포진교육박물관,박물관,경기,김포시,수도권,7487.0,9891.594352153876,-2404.59435215387,2404.59435215387,예상 범위,1만 이하,낮음,126.5387223,37.65065352
신평면 생활사박물관,박물관,전북특별자치도,임실군,전라권,200.0,2753.5300357139445,-2553.5300357139445,2553.5300357139445,예상 범위,1만 이하,낮음,127.2236746,35.65706301
경주대학교박물관,박물관,경북,경주시,경상권,90.0,2681.2604066825133,-2591.2604066825133,2591.2604066825133,예상 범위,1만 이하,낮음,129.1632394,35.82926585
휘목미술관,미술관,전북특별자치도,부안군,전라권,5987.0,8728.66723457861,-2741.6672345786064,2741.6672345786064,예상 범위,1만 이하,낮음,126.5635128,35.59440594
안성맞춤박물관,박물관,경기,안성시,수도권,35242.0,37988.87478687917,-2746.874786879176,2746.874786879176,예상 범위,1만~5만,보통,127.2283559,37.01131789
(재)한국등잔박물관,박물관,경기,용인시 처인구,수도권,6022.0,8784.257130810229,-2762.2571308102315,2762.2571308102315,예상 범위,1만 이하,낮음,127.1778809,37.33658645
성재전통건축박물관,박물관,서울,종로구,수도권,3000.0,5874.636717972013,-2874.636717972013,2874.636717972013,예상 범위,1만 이하,낮음,126.9880071,37.58025143
한국색동박물관,박물관,서울,종로구,수도권,916.0,3865.739481935692,-2949.7394819356923,2949.7394819356923,예상 범위,1만 이하,낮음,126.9920913,37.57388778
거제박물관,박물관,경남,거제시,경상권,2905.0,5910.359925708151,-3005.3599257081523,3005.3599257081523,예상 범위,1만 이하,낮음,128.6862106,34.89403977
한길책박물관,박물관,경기,파주시,수도권,2650.0,5809.944410262156,-3159.944410262157,3159.944410262157,예상 범위,1만 이하,낮음,126.6979379,37.78926128
한향림도자미술관,미술관,경기,파주시,수도권,7000.0,10163.500573779114,-3163.500573779116,3163.500573779116,예상 범위,1만 이하,낮음,126.7011952,37.7889619
신라대학교박물관,박물관,부산,사상구,경상권,501.0,3693.188858206331,-3192.188858206331,3192.188858206331,예상 범위,1만 이하,낮음,128.9977969,35.1720525
여성생활사박물관,박물관,경기,여주시,수도권,2858.0,6097.957607453056,-3239.957607453056,3239.957607453056,예상 범위,1만 이하,낮음,127.7081433,37.24252504
미술관 솔,미술관,전북특별자치도,전주시,전라권,4600.0,8015.084918486061,-3415.084918486061,3415.084918486061,예상 범위,1만 이하,낮음,127.1464684,35.82110132
김세중미술관,미술관,서울,용산구,수도권,2111.0,5533.295625620138,-3422.295625620138,3422.295625620138,예상 범위,1만 이하,낮음,126.9638828,37.54201785
한국현대문학관,박물관,서울,중구,수도권,3500.0,7079.805814020586,-3579.805814020588,3579.805814020588,예상 범위,1만 이하,낮음,127.0041031,37.55962115
한림공원,박물관,제주특별자치도,제주시,제주권,377930.0,381561.6400270708,-3631.640027070709,3631.640027070709,예상 범위,10만~50만,높음,126.2396912,33.39022486
공주기독교박물관,박물관,충남,공주시,충청권,2000.0,5700.646436827312,-3700.646436827312,3700.646436827312,예상 범위,1만 이하,낮음,127.1225011,36.4509695
국윤미술관,미술관,광주,동구,전라권,3724.0,7436.84965582726,-3712.8496558272623,3712.8496558272623,예상 범위,1만 이하,낮음,126.9365211,35.13189236
신구대학교 우촌박물관,박물관,경기,성남시 중원구,수도권,2215.0,5951.857035215159,-3736.857035215159,3736.857035215159,예상 범위,1만 이하,낮음,127.1676966,37.44885139
운보미술관,미술관,충북,청주시,충청권,6000.0,9821.048477402446,-3821.0484774024417,3821.0484774024417,예상 범위,1만 이하,낮음,127.5650627,36.69193256
배재대학교 박물관,박물관,대전,서구,충청권,389.0,4231.662925316131,-3842.662925316131,3842.662925316131,예상 범위,1만 이하,낮음,127.3660745,36.32323828
콩세유미술관,미술관,경기,파주시,수도권,5938.0,10084.895819908832,-4146.895819908831,4146.895819908831,예상 범위,1만 이하,낮음,126.8790262,37.73897564
뮤지엄남해,미술관,경남,남해군,경상권,10054.0,14249.126520022062,-4195.1265200220605,4195.1265200220605,예상 범위,1만~5만,보통,128.0407328,34.87020177
명인박물관,박물관,서울,종로구,수도권,720.0,5039.954728082101,-4319.954728082101,4319.954728082101,예상 범위,1만 이하,낮음,126.9851976,37.58014371
한국기독교역사박물관,박물관,경기,이천시,수도권,1427.0,5972.020519516096,-4545.020519516096,4545.020519516096,예상 범위,1만 이하,낮음,127.4992512,37.22281443
김달진미술자료박물관,박물관,서울,종로구,수도권,2412.0,7023.7654698904,-4611.7654698904025,4611.7654698904025,예상 범위,1만 이하,낮음,126.9566597,37.60004663
영남대학교 자연박물관,박물관,경북,경산시,경상권,3278.0,8132.400982463222,-4854.400982463219,4854.400982463219,예상 범위,1만 이하,낮음,128.7521801,35.83049163
전원미술관,미술관,인천,강화군,수도권,700.0,5716.993946745907,-5016.993946745907,5016.993946745907,예상 범위,1만 이하,낮음,126.4584439,37.76665206
지리산빨치산토벌전시관,박물관,경남,산청군,경상권,6883.0,12603.640397180909,-5720.640397180911,5720.640397180911,예상 범위,1만 이하,낮음,127.7542415,35.29123516
종로구립 고희동미술관,박물관,서울,종로구,수도권,22709.0,28690.653308114022,-5981.653308114022,5981.653308114022,예상 범위,1만~5만,보통,126.9888849,37.58318551
해녀박물관,박물관,제주특별자치도,제주시,제주권,132562.0,138556.426832169,-5994.426832169236,5994.426832169236,예상 범위,10만~50만,높음,126.8634256,33.52360988
제주옹기박물관,박물관,제주특별자치도,서귀포시,제주권,2000.0,8147.272916082043,-6147.272916082043,6147.272916082043,예상 범위,1만 이하,낮음,126.2232993,33.28278268
장보고기념관,박물관,전남,완도군,전라권,10279.0,17317.112236472898,-7038.112236472891,7038.112236472891,예상 범위,1만~5만,보통,126.730162,34.3550953
영월지오뮤지엄,박물관,강원특별자치도,영월군,강원권,1536.0,9021.919848947997,-7485.919848947997,7485.919848947997,예상 범위,1만 이하,낮음,128.432116,37.2528869
결성농요농사박물관,박물관,충남,홍성군,충청권,1000.0,9028.8495555914,-8028.8495555914,8028.8495555914,예상 범위,1만 이하,낮음,126.5489686,36.53262479
내설악백공미술관,미술관,강원특별자치도,인제군,강원권,1000.0,9180.917905665096,-8180.917905665095,8180.917905665095,예상 범위,1만 이하,낮음,128.3622434,38.21337936
서울여자대학교 박물관,박물관,서울,노원구,수도권,3224.0,11481.497027942369,-8257.497027942369,8257.497027942369,예상 범위,1만 이하,낮음,127.0916212,37.62738159
대산미술관,미술관,경남,창원시,경상권,7200.0,15506.463162030535,-8306.46316203053,8306.46316203053,예상보다 낮음,1만 이하,낮음,128.7440738,35.34513902
능산리고분군아트뮤지엄,박물관,충남,부여군,충청권,17000.0,25312.61820523491,-8312.618205234921,8312.618205234921,예상보다 낮음,1만~5만,보통,126.945117,36.27705926
마가미술관,미술관,경기,용인시,수도권,5000.0,14157.001670302236,-9157.001670302234,9157.001670302234,예상보다 낮음,1만 이하,낮음,127.1927877,37.33175232
유동룡미술관,미술관,제주특별자치도,제주시,제주권,31908.0,41197.600800291424,-9289.600800291402,9289.600800291402,예상보다 낮음,1만~5만,보통,126.2707879,33.34058907
국채보상운동기념관,박물관,대구,중구,경상권,15136.0,24431.295192045647,-9295.295192045676,9295.295192045676,예상보다 낮음,1만~5만,보통,128.6017388,35.86930105
고흥갑재민속전시관,박물관,전남,고흥군,전라권,3385.0,13551.431852952912,-10166.431852952914,10166.431852952914,예상보다 낮음,1만 이하,낮음,127.3125574,34.65203482
목포대학교박물관,박물관,전남,무안군,전라권,10000.0,21084.35378482636,-11084.353784826371,11084.353784826371,예상보다 낮음,1만 이하,보통,126.4400867,34.91027165
학명미술관,미술관,전남,강진군,전라권,711.0,12746.436444922234,-12035.436444922234,12035.436444922234,예상보다 낮음,1만 이하,낮음,126.7151606,34.74198357
죽포미술관,미술관,경기,여주시,수도권,550.0,12653.23804514548,-12103.23804514548,12103.23804514548,예상보다 낮음,1만 이하,낮음,127.4426381,37.4100311
순천세계수석정원박물관,박물관,전남,순천시,전라권,3588.0,15813.271096098131,-12225.271096098137,12225.271096098137,예상보다 낮음,1만 이하,낮음,127.4694787,34.91141433
아해한국전통문화어린이박물관,박물관,경기,과천시,수도권,2190.0,14533.812678714086,-12343.812678714086,12343.812678714086,예상보다 낮음,1만 이하,낮음,127.0299792,37.45762016
포마자동차디자인미술관,미술관,경기,고양시,수도권,577.0,13459.616870358455,-12882.616870358455,12882.616870358455,예상보다 낮음,1만 이하,낮음,126.8964642,37.59181863
금구원야외조각미술관,미술관,전북특별자치도,부안군,전라권,3170.0,16101.598510838952,-12931.59851083895,12931.59851083895,예상보다 낮음,1만 이하,낮음,126.4888401,35.62063327
국립해양문화재연구소 태안해양유물전시관,박물관,충남,태안군,충청권,50875.0,63983.20447551729,-13108.204475517232,13108.204475517232,예상보다 낮음,5만~10만,높음,126.1514121,36.67719658
태백석탄박물관,박물관,강원특별자치도,태백시,강원권,66042.0,79312.83650467067,-13270.83650467069,13270.83650467069,예상보다 낮음,5만~10만,높음,128.9505641,37.11723204
권숙자 안젤리미술관,미술관,경기,용인시,수도권,6000.0,19356.60416265658,-13356.604162656577,13356.604162656577,예상보다 낮음,1만 이하,낮음,127.2313126,37.18451155
함창명주박물관,박물관,경북,상주시,경상권,10747.0,24246.97142338837,-13499.971423388366,13499.971423388366,예상보다 낮음,1만~5만,보통,128.1599208,36.57646268
남가람박물관,박물관,경남,진주시,경상권,3861.0,17506.994479371697,-13645.9944793717,13645.9944793717,예상보다 낮음,1만 이하,낮음,128.0547633,35.15258563
"서울대학교 치의학대학원
치의학박물관",박물관,서울,종로구,수도권,5300.0,19127.033103788734,-13827.033103788735,13827.033103788735,예상보다 낮음,1만 이하,낮음,127.0011412,37.5812861
부산교육대학교 교육박물관(한새갤러리),박물관,부산,연제구,경상권,2400.0,16577.632819456012,-14177.632819456012,14177.632819456012,예상보다 낮음,1만 이하,낮음,129.0770792,35.19568453
종로구립 박노수미술관,미술관,서울,종로구,수도권,28426.0,42701.54916199077,-14275.549161990752,14275.549161990752,예상보다 낮음,1만~5만,보통,126.9668185,37.5813192
영일민속박물관,박물관,경북,포항시 북구,경상권,10660.0,24940.860267804776,-14280.86026780476,14280.86026780476,예상보다 낮음,1만~5만,보통,129.3471981,36.11083002
서울시립대학교 박물관,박물관,서울,동대문구,수도권,2242.0,17335.86474329776,-15093.86474329776,15093.86474329776,예상보다 낮음,1만 이하,낮음,127.0599881,37.58257758
드영미술관,미술관,광주,동구,전라권,8800.0,24760.25290240984,-15960.252902409837,15960.252902409837,예상보다 낮음,1만 이하,보통,126.9534815,35.13429786
국립6.25전쟁납북자기념관,박물관,경기,파주시,수도권,36684.0,53453.75632901351,-16769.756329013442,16769.756329013442,예상보다 낮음,1만~5만,보통,126.7432088,37.88897896
제주해양동물박물관,박물관,제주특별자치도,서귀포시,제주권,47101.0,64962.65304857111,-17861.65304857101,17861.65304857101,예상보다 낮음,1만~5만,높음,126.8551274,33.42948623
나주복암리고분전시관,박물관,전남,나주시,전라권,14864.0,32834.728748649555,-17970.72874864952,17970.72874864952,예상보다 낮음,1만~5만,보통,126.6570592,34.99608962
C ART MUSEUM,미술관,경기,양평군,수도권,1500.0,19474.511754531995,-17974.511754531995,17974.511754531995,예상보다 낮음,1만 이하,낮음,127.7373348,37.39488762
몽양기념관,박물관,경기,양평군,수도권,15325.0,33956.78208265163,-18631.782082651647,18631.782082651647,예상보다 낮음,1만~5만,보통,127.373607,37.53051707
박진전쟁기념관,박물관,경남,창녕군,경상권,14762.0,34777.61004868659,-20015.610048686583,20015.610048686583,예상보다 낮음,1만~5만,보통,128.3861939,35.44796705
국립제주박물관,박물관,제주특별자치도,제주시,제주권,281810.0,302666.7255612116,-20856.725561211817,20856.725561211817,예상보다 낮음,10만~50만,높음,126.5479096,33.51379671
유엔군 초전기념관,박물관,경기,오산시,수도권,36452.0,57353.98992443765,-20901.98992443763,20901.98992443763,예상보다 낮음,1만~5만,보통,127.0490138,37.1846106
양구근현대사박물관,박물관,강원특별자치도,양구군,강원권,10091.0,32997.52651628467,-22906.52651628468,22906.52651628468,예상보다 낮음,1만~5만,보통,127.9904157,38.12222626
인삼박물관,박물관,경북,영주시,경상권,11176.0,36332.797033083225,-25156.797033083225,25156.797033083225,예상보다 낮음,1만~5만,보통,128.4798554,36.88587394
소암기념관,미술관,제주특별자치도,서귀포시,제주권,6049.0,32583.452653293545,-26534.45265329354,26534.45265329354,예상보다 낮음,1만 이하,낮음,126.5674212,33.2451236
서천 이하복 고택 전시관,박물관,충남,서천군,충청권,7885.0,36570.584462864106,-28685.5844628641,28685.5844628641,예상보다 낮음,1만 이하,낮음,126.7592677,36.08095171
성호박물관,박물관,경기,안산시 상록구,수도권,25912.0,55338.564911155096,-29426.564911155117,29426.564911155117,예상보다 낮음,1만~5만,보통,126.8595774,37.31507523
경기생활도자미술관,미술관,경기,여주시,수도권,39116.0,68643.98865935967,-29527.98865935977,29527.98865935977,예상보다 낮음,1만~5만,보통,127.6545462,37.30014504
세계유교문화박물관,박물관,경북,안동시,경상권,21546.0,53545.123789621575,-31999.123789621564,31999.123789621564,예상보다 낮음,1만~5만,보통,128.8432819,36.69580329
클레이아크김해미술관,미술관,경남,김해시,경상권,70043.0,105837.86653634904,-35794.86653634903,35794.86653634903,예상보다 낮음,5만~10만,높음,128.7447983,35.25080304
고양시립 아람미술관,미술관,경기,고양시,수도권,27645.0,63983.9799145053,-36338.97991450525,36338.97991450525,예상보다 낮음,1만~5만,보통,126.7744583,37.6614856
구미성리학역사관,박물관,경북,구미시,경상권,86304.0,123196.56466407594,-36892.56466407594,36892.56466407594,예상보다 낮음,5만~10만,높음,128.3124968,36.11467804
돌하르방미술관,미술관,제주특별자치도,제주시,제주권,28510.0,67004.83755434545,-38494.837554345446,38494.837554345446,예상보다 낮음,1만~5만,보통,126.6888123,33.5388475
우정박물관,박물관,충남,천안시 동남구,충청권,19329.0,62869.687881923615,-43540.68788192363,43540.68788192363,예상보다 낮음,1만~5만,보통,127.1885626,36.81396523
창녕박물관,박물관,경남,창녕군,경상권,62221.0,108340.50408672042,-46119.50408672037,46119.50408672037,예상보다 낮음,5만~10만,높음,128.5054415,35.5454042
대구섬유박물관,박물관,대구,동구,경상권,63773.0,111473.39265196495,-47700.39265196496,47700.39265196496,예상보다 낮음,5만~10만,높음,128.640295,35.9190995
고구려대장간마을,박물관,경기,구리시,수도권,15104.0,74335.81459167416,-59231.81459167418,59231.81459167418,예상보다 낮음,1만~5만,보통,127.1109492,37.56080787
제주 삼양동 유적,박물관,제주특별자치도,제주시,제주권,21111.0,84612.47536933527,-63501.47536933525,63501.47536933525,예상보다 낮음,1만~5만,보통,126.5879995,33.52350458
유류피해극복기념관,박물관,충남,태안군,충청권,77048.0,151128.08182566077,-74080.08182566089,74080.08182566089,예상보다 낮음,5만~10만,높음,126.1483302,36.79263915
수원박물관,박물관,경기,수원시 영통구,수도권,44750.0,127935.14317825883,-83185.14317825888,83185.14317825888,예상보다 낮음,1만~5만,높음,127.0356329,37.29764714
제주세계자연유산센터 세계유산전시관,박물관,제주특별자치도,제주시,제주권,33335.0,132910.126646819,-99575.12664681904,99575.12664681904,예상보다 낮음,1만~5만,보통,126.7147521,33.45691987
감귤박물관,박물관,제주특별자치도,서귀포시,제주권,60924.0,168714.58692689182,-107790.58692689176,107790.58692689176,예상보다 낮음,5만~10만,높음,126.6074285,33.27159304
김홍도미술관,미술관,경기,안산시,수도권,58251.0,185731.9826849889,-127480.98268498883,127480.98268498883,예상보다 낮음,5만~10만,높음,126.8517361,37.31605248
부산광역시립박물관,박물관,부산,남구,경상권,130339.0,272111.5371862647,-141772.53718626453,141772.53718626453,예상보다 낮음,10만~50만,높음,129.0929417,35.1295556
G밸리산업박물관,박물관,서울,구로구,수도권,20000.0,166712.3486373462,-146712.34863734618,146712.34863734618,예상보다 낮음,1만~5만,보통,126.8953185,37.4798477
서울역사박물관,박물관,서울,종로구,수도권,581669.0,810971.5913509981,-229302.5913509984,229302.5913509984,예상보다 낮음,50만 이상,높음,126.9710752,37.57049685
국립한글박물관,박물관,서울,용산구,수도권,397107.0,1429514.5309767148,-1032407.5309767146,1032407.5309767146,예상보다 낮음,10만~50만,높음,126.9804863,37.5210688
